0,2,0,0,17520564620617
0,2,2560,0,17520575036459
0,4,3072,0,17520585670490
0,1,3072,0,17520585783133
0,2,3072,0,17520585970758
0,2,18176,0,17520606189216
0,3,19200,192,17520608464189
0,5,1727744,0,17523385107862
0,1,1727744,0,17523385192067
0,2,1727744,0,17523385396941
1,2,0,0,17520564624039
1,2,3584,0,17520575035997
1,4,5632,0,17520585675646
1,1,5632,0,17520585749624
1,2,5632,0,17520585901675
1,2,29696,0,17520606652346
1,5,1736704,0,17523385110742
1,1,1736704,0,17523385184826
1,2,1736704,0,17523385385133
0,2,0,0,17774329208617
0,4,3072,0,17774350819127
0,1,3072,0,17774350951324
0,2,3072,0,17774351225435
0,2,19968,0,17774378252876
0,3,62720,64,17774441990245
0,5,1722112,0,17776950750708
0,1,1722112,0,17776950956598
0,2,1722112,0,17776951203484
0,4,1724160,0,17776966954495
0,1,1724160,0,17776967055720
0,2,1724160,0,17776967211590
0,2,1737216,0,17776986850983
0,3,1740288,192,17776990701340
0,5,3446528,0,17779757918292
0,1,3446528,0,17779758018919
0,2,3446528,0,17779758262872
0,4,3449344,0,17779777458424
0,1,3449344,0,17779777588052
0,2,3449344,0,17779777800024
0,2,3461632,0,17779801699403
0,3,3501312,64,17779871240141
0,5,5160448,0,17782701271652
0,1,5160448,0,17782701524107
0,2,5160448,0,17782701767001
1,2,0,0,17774329201494
1,4,5632,0,17774350824362
1,1,5632,0,17774350902643
1,2,5632,0,17774351194013
1,2,32512,0,17774378876037
1,5,1735936,0,17776950755475
1,1,1735936,0,17776950878271
1,2,1735936,0,17776951045692
1,4,1739264,0,17776966958960
1,1,1739264,0,17776967040229
1,2,1739264,0,17776967207720
1,2,1761792,0,17776987200998
1,5,3472640,0,17779757921694
1,1,3472640,0,17779758033015
1,2,3472640,0,17779758263647
1,4,3477504,0,17779777463142
1,1,3477504,0,17779777576555
1,2,3477504,0,17779777778519
1,2,3500800,0,17779801959523
1,5,5204736,0,17782701276133
1,1,5204736,0,17782701430141
1,2,5204736,0,17782701590958
