0,0,256,15,0,0,120.000000000
0,256,256,15,0,0,120.000000000
0,512,256,15,0,0,120.000000000
0,768,256,15,0,0,120.000000000
0,1024,256,15,0,0,120.000000000
0,1280,256,15,0,0,120.000000000
0,1536,256,15,0,0,120.000000000
0,1792,256,15,0,0,120.000000000
0,2048,256,15,0,0,120.000000000
0,2304,256,15,0,0,120.000000000
0,2560,256,15,0,0,120.000000000
0,2816,256,15,0,0,120.000000000
0,3072,256,31,0,0,120.000000000
0,3328,256,31,22906492,11453246,120.000000000
0,3584,256,31,45812984,22906492,120.000000000
0,3840,256,31,68719477,34359738,120.000000000
0,4096,256,31,91625969,45812984,120.000000000
0,4352,256,31,114532461,57266231,120.000000000
0,4608,256,31,137438953,68719477,120.000000000
0,4864,256,31,160345446,80172723,120.000000000
0,5120,256,31,183251938,91625969,120.000000000
0,5376,256,31,206158430,103079215,120.000000000
0,5632,256,31,229064922,114532461,120.000000000
0,5888,256,31,251971415,125985707,120.000000000
0,6144,256,31,274877907,137438953,120.000000000
0,6400,256,31,297784399,148892200,120.000000000
0,6656,256,31,320690891,160345446,120.000000000
0,6912,256,31,343597384,171798692,120.000000000
0,7168,256,31,366503876,183251938,120.000000000
0,7424,256,31,389410368,194705184,120.000000000
0,7680,256,31,412316860,206158430,120.000000000
0,7936,256,31,435223353,217611676,120.000000000
0,262144,256,31,23868564920,11934282460,120.000000000
0,524288,256,31,47324812979,23662406489,120.000000000
0,786432,256,31,70781061038,35390530519,120.000000000
0,1048576,256,31,94237309097,47118654549,120.000000000
0,1310720,256,31,117693557157,58846778578,120.000000000
0,1572864,256,31,141149805216,70574902608,120.000000000
0,1727744,256,15,0,0,120.000000000
1,0,256,15,0,0,120.000000000
1,256,256,15,0,0,120.000000000
1,512,256,15,0,0,120.000000000
1,768,256,15,0,0,120.000000000
1,1024,256,15,0,0,120.000000000
1,1280,256,15,0,0,120.000000000
1,1536,256,15,0,0,120.000000000
1,1792,256,15,0,0,120.000000000
1,2048,256,15,0,0,120.000000000
1,2304,256,15,0,0,120.000000000
1,2560,256,15,0,0,120.000000000
1,2816,256,15,0,0,120.000000000
1,3072,256,15,0,0,120.000000000
1,3328,256,15,0,0,120.000000000
1,3584,256,15,0,0,120.000000000
1,3840,256,15,0,0,120.000000000
1,4096,256,15,0,0,120.000000000
1,4352,256,15,0,0,120.000000000
1,4608,256,15,0,0,120.000000000
1,4864,256,15,0,0,120.000000000
1,5120,256,15,0,0,120.000000000
1,5376,256,15,0,0,120.000000000
1,5632,256,31,0,0,120.000000000
1,5888,256,31,22906492,11453246,120.000000000
1,6144,256,31,45812984,22906492,120.000000000
1,6400,256,31,68719477,34359738,120.000000000
1,6656,256,31,91625969,45812984,120.000000000
1,6912,256,31,114532461,57266231,120.000000000
1,7168,256,31,137438953,68719477,120.000000000
1,7424,256,31,160345446,80172723,120.000000000
1,7680,256,31,183251938,91625969,120.000000000
1,7936,256,31,206158430,103079215,120.000000000
1,262144,256,31,23547874028,11773937014,120.000000000
1,524288,256,31,47004122087,23502061044,120.000000000
1,786432,256,31,70460370147,35230185073,120.000000000
1,1048576,256,31,93916618206,46958309103,120.000000000
1,1310720,256,31,117372866265,58686433133,120.000000000
1,1572864,256,31,140829114324,70414557162,120.000000000
1,1736704,256,15,0,0,120.000000000
0,0,256,15,0,0,120.000000000
0,256,256,15,0,0,120.000000000
0,512,256,15,0,0,120.000000000
0,768,256,15,0,0,120.000000000
0,1024,256,15,0,0,120.000000000
0,1280,256,15,0,0,120.000000000
0,1536,256,15,0,0,120.000000000
0,1792,256,15,0,0,120.000000000
0,2048,256,15,0,0,120.000000000
0,2304,256,15,0,0,120.000000000
0,2560,256,15,0,0,120.000000000
0,2816,256,15,0,0,120.000000000
0,3072,256,31,0,0,120.000000000
0,3328,256,31,22906492,11453246,120.000000000
0,3584,256,31,45812984,22906492,120.000000000
0,3840,256,31,68719477,34359738,120.000000000
0,4096,256,31,91625969,45812984,120.000000000
0,4352,256,31,114532461,57266231,120.000000000
0,4608,256,31,137438953,68719477,120.000000000
0,4864,256,31,160345446,80172723,120.000000000
0,5120,256,31,183251938,91625969,120.000000000
0,5376,256,31,206158430,103079215,120.000000000
0,5632,256,31,229064922,114532461,120.000000000
0,5888,256,31,251971415,125985707,120.000000000
0,6144,256,31,274877907,137438953,120.000000000
0,6400,256,31,297784399,148892200,120.000000000
0,6656,256,31,320690891,160345446,120.000000000
0,6912,256,31,343597384,171798692,120.000000000
0,7168,256,31,366503876,183251938,120.000000000
0,7424,256,31,389410368,194705184,120.000000000
0,7680,256,31,412316860,206158430,120.000000000
0,7936,256,31,435223353,217611676,120.000000000
0,262144,256,31,24280881780,12140440890,120.000000000
0,524288,256,31,47737129839,23868564920,120.000000000
0,786432,256,31,71193377898,35596688949,120.000000000
0,1048576,256,31,94649625958,47324812979,120.000000000
0,1310720,256,31,118105874017,59052937008,120.000000000
0,1572864,256,31,141562122076,70781061038,120.000000000
0,1722112,256,15,0,0,120.000000000
0,1724160,256,31,0,0,120.000000000
0,1835008,256,31,10605705910,5302852955,120.000000000
0,2097152,256,31,34061953969,17030976984,120.000000000
0,2359296,256,31,57518202028,28759101014,120.000000000
0,2621440,256,31,80974450087,40487225044,120.000000000
0,2883584,256,31,104430698146,52215349073,120.000000000
0,3145728,256,31,127886946206,63943473103,120.000000000
0,3407872,256,31,151343194265,75671597132,120.000000000
0,3446528,256,15,0,0,120.000000000
0,3449344,256,31,0,0,120.000000000
0,3670016,256,31,21532102711,10766051355,120.000000000
0,3932160,256,31,44988350770,22494175385,120.000000000
0,4194304,256,31,68444598829,34222299415,120.000000000
0,4456448,256,31,91900846888,45950423444,120.000000000
0,4718592,256,31,115357094947,57678547474,120.000000000
0,4980736,256,31,138813343007,69406671503,120.000000000
0,5160448,256,15,0,0,120.000000000
1,0,256,15,0,0,120.000000000
1,256,256,15,0,0,120.000000000
1,512,256,15,0,0,120.000000000
1,768,256,15,0,0,120.000000000
1,1024,256,15,0,0,120.000000000
1,1280,256,15,0,0,120.000000000
1,1536,256,15,0,0,120.000000000
1,1792,256,15,0,0,120.000000000
1,2048,256,15,0,0,120.000000000
1,2304,256,15,0,0,120.000000000
1,2560,256,15,0,0,120.000000000
1,2816,256,15,0,0,120.000000000
1,3072,256,15,0,0,120.000000000
1,3328,256,15,0,0,120.000000000
1,3584,256,15,0,0,120.000000000
1,3840,256,15,0,0,120.000000000
1,4096,256,15,0,0,120.000000000
1,4352,256,15,0,0,120.000000000
1,4608,256,15,0,0,120.000000000
1,4864,256,15,0,0,120.000000000
1,5120,256,15,0,0,120.000000000
1,5376,256,15,0,0,120.000000000
1,5632,256,31,0,0,120.000000000
1,5888,256,31,22906492,11453246,120.000000000
1,6144,256,31,45812984,22906492,120.000000000
1,6400,256,31,68719477,34359738,120.000000000
1,6656,256,31,91625969,45812984,120.000000000
1,6912,256,31,114532461,57266231,120.000000000
1,7168,256,31,137438953,68719477,120.000000000
1,7424,256,31,160345446,80172723,120.000000000
1,7680,256,31,183251938,91625969,120.000000000
1,7936,256,31,206158430,103079215,120.000000000
1,262144,256,31,23616593505,11808296752,120.000000000
1,524288,256,31,47072841564,23536420782,120.000000000
1,786432,256,31,70529089623,35264544812,120.000000000
1,1048576,256,31,93985337683,46992668841,120.000000000
1,1310720,256,31,117441585742,58720792871,120.000000000
1,1572864,256,31,140897833801,70448916901,120.000000000
1,1735936,256,15,0,0,120.000000000
1,1739264,256,31,0,0,120.000000000
1,1835008,256,31,8956438468,4478219234,120.000000000
1,2097152,256,31,32412686527,16206343264,120.000000000
1,2359296,256,31,55868934586,27934467293,120.000000000
1,2621440,256,31,79325182646,39662591323,120.000000000
1,2883584,256,31,102781430705,51390715352,120.000000000
1,3145728,256,31,126237678764,63118839382,120.000000000
1,3407872,256,31,149693926823,74846963412,120.000000000
1,3472640,256,15,0,0,120.000000000
1,3477504,256,31,0,0,120.000000000
1,3670016,256,31,18164848351,9082424175,120.000000000
1,3932160,256,31,41621096410,20810548205,120.000000000
1,4194304,256,31,65077344469,32538672234,120.000000000
1,4456448,256,31,88533592528,44266796264,120.000000000
1,4718592,256,31,111989840587,55994920294,120.000000000
1,4980736,256,31,135446088647,67723044323,120.000000000
1,5204736,256,15,0,0,120.000000000
